<?xml version="1.0" encoding="UTF-8"?>
<project-private xmlns="http://www.netbeans.org/ns/project-private/1">
    <editor-bookmarks xmlns="http://www.netbeans.org/ns/editor-bookmarks/2" lastBookmarkId="0"/>
    <open-files xmlns="http://www.netbeans.org/ns/projectui-open-files/2">
        <group>
            <file>file:/C:/xampp/htdocs/SistemadeLog/View/ConsultaSimples.php</file>
            <file>file:/C:/xampp/htdocs/SistemadeLog/testeConexao.php</file>
            <file>file:/C:/xampp/htdocs/SistemadeLog/Model/Log.php</file>
            <file>file:/C:/xampp/htdocs/SistemadeLog/Control/Arquivo.php</file>
            <file>file:/C:/xampp/htdocs/SistemadeLog/Dao/Dao_Log.php</file>
            <file>file:/C:/xampp/htdocs/SistemadeLog/Control/CTL_Log.php</file>
        </group>
    </open-files>
</project-private>
